{
  "ascii_to_wingdings": {
    "A": "\uF041", "B": "\uF042", "C": "\uF043", "D": "\uF044",
    "E": "\uF045", "F": "\uF046", "G": "\uF047", "H": "\uF048",
    "I": "\uF049", "J": "\uF04A", "K": "\uF04B", "L": "\uF04C",
    "M": "\uF04D", "N": "\uF04E", "O": "\uF04F", "P": "\uF050",
    "Q": "\uF051", "R": "\uF052", "S": "\uF053", "T": "\uF054",
    "U": "\uF055", "V": "\uF056", "W": "\uF057", "X": "\uF058",
    "Y": "\uF059", "Z": "\uF05A",
    "0": "\uF030", "1": "\uF031", "2": "\uF032", "3": "\uF033",
    "4": "\uF034", "5": "\uF035", "6": "\uF036", "7": "\uF037",
    "8": "\uF038", "9": "\uF039",
    " ": " ", "!": "\uF021", "?": "\uF03F", ".": "\uF02E",
    ",": "\uF02C", ";": "\uF03B", ":": "\uF03A"
  },
  "emoji_fallback": {
    "A": "✌️", "B": "", "C": "", "D": "☝️",
    "E": "✋", "F": "", "G": "✊", "H": "",
    "I": "☝️", "J": "", "K": "", "L": "☹️",
    "M": "", "N": "⚡", "O": "❄️", "P": "✡️",
    "Q": "☪️", "R": "☮️", "S": "☯️", "T": "☢️",
    "U": "☣️", "V": "✝️", "W": "☦️", "X": "✖️",
    "Y": "✔️", "Z": "",
    "0": "⓪", "1": "①", "2": "②", "3": "③",
    "4": "④", "5": "⑤", "6": "⑥", "7": "⑦",
    "8": "⑧", "9": "⑨"
  }
}